date,ILITOTAL,value_pathogen_RSV_Region_3_Negatives_Value,value_pathogen_RSV_Region_10_Negatives_Value,value_pathogen_RSV_National_Negatives_Value,value_pathogen_RV_EV_National_Negatives_Value,value_pathogen_RSV_Region_9_Negatives_Value,national_newu_ILITOTAL
2019-07-06,8549.0,433,400,7110,5087,522,9986
2019-07-13,8422.0,477,392,7443,5508,558,8549
2019-07-20,8111.0,416,359,6863,5019,510,8422
2019-07-27,7755.0,425,299,6486,4784,512,8111
2019-08-03,7874.0,414,363,6550,4875,568,7755
2019-08-10,8038.0,447,270,6697,4761,489,7874
2019-08-17,8987.0,411,266,6804,4819,594,8038
2019-08-24,10096.0,426,267,6897,4668,584,8987
2019-08-31,11817.0,486,287,7932,4940,746,10096
2019-09-07,13158.0,576,309,8891,5156,749,11817
2019-09-14,14831.0,688,446,10359,5782,826,13158
2019-09-21,15977.0,779,544,10928,5846,866,14831
2019-09-28,17414.0,803,1073,12254,6473,987,15977
2019-10-05,21915.0,884,1387,14281,7678,1859,17414
2019-10-12,22953.0,919,1853,15826,8266,1910,21915
2019-10-19,24857.0,997,1739,16806,8563,2029,22953
2019-10-26,27419.0,1128,1710,16442,8674,1965,24857
2019-11-02,28910.0,1115,1802,17275,9219,2109,27419
2019-11-09,34586.0,1174,1824,18886,10181,2575,28910
2019-11-16,37728.0,1366,1885,19213,10437,2707,34586
2019-11-23,44148.0,1394,2055,21207,11698,2879,37728
2019-11-30,43817.0,1254,2138,19791,11013,2581,44148
2019-12-07,48877.0,1384,2694,23540,12959,3194,43817
2019-12-14,56444.0,1496,3381,24852,13197,3348,48877
2019-12-21,71584.0,1545,4112,28582,14724,3264,56444
2019-12-28,95757.0,1771,4099,31303,14833,3227,71584
2020-01-04,88681.0,1796,4255,33498,16742,3574,95757
2020-01-11,75585.0,1891,3780,32875,16647,4010,88681
2020-01-18,79746.0,1960,3449,32638,15965,4429,75585
2020-01-25,90072.0,2139,3570,35075,16737,4709,79746
2020-02-01,108307.0,2395,3494,37542,17344,5067,90072
2020-02-08,111289.0,2275,3323,37909,16465,4800,108307
2020-02-15,95418.0,2308,3259,37194,16277,4753,111289
2020-02-22,79832.0,2040,3072,35283,15398,4157,95418
2020-02-29,74809.0,2194,3795,35973,15567,4453,79832
2020-03-07,78779.0,2210,4969,38242,17133,4554,74809
2020-03-14,89571.0,3425,6301,47610,22530,4828,78779
2020-03-21,78584.0,4257,4416,53078,25700,2884,89571
2020-03-28,53142.0,3195,3560,35341,18287,1757,78584
2020-04-04,36251.0,1712,2277,23275,12589,1116,53142
2020-04-11,24974.0,828,1708,15420,9690,818,36251
2020-04-18,18265.0,621,1142,11703,7771,830,24974
2020-04-25,15164.0,480,1050,10304,7284,730,18265
2020-05-02,12817.0,363,751,8650,7043,536,15164
2020-05-09,11066.0,315,682,7426,5632,448,12817
2020-05-16,10480.0,324,615,7066,5429,439,11066
2020-05-23,11735.0,405,496,6609,5362,436,10480
2020-05-30,9614.0,310,400,5731,4655,337,11735
2020-06-06,9325.0,314,393,5744,4790,365,9614
2020-06-13,9580.0,344,334,5664,4640,374,9325
2020-06-20,11866.0,280,350,5620,4710,249,9580
2020-06-27,15499.0,297,281,5570,4644,273,11866
2020-07-04,17843.0,340,318,6655,5567,323,15499
2020-07-11,20046.0,370,330,7569,6186,375,17843
2020-07-18,19260.0,333,308,7965,6540,346,20046
2020-07-25,16533.0,394,215,7763,6344,333,19260
2020-08-01,15524.0,323,218,7324,6023,285,16533
2020-08-08,14117.0,345,181,6110,4529,328,15524
2020-08-15,13193.0,380,231,6823,5093,287,14117
2020-08-22,12952.0,329,286,6799,4984,319,13193
2020-08-29,13159.0,341,240,6794,4925,326,12952
2020-09-05,12316.0,393,210,7055,5339,603,13159
2020-09-12,13035.0,404,234,7542,5242,579,12316
2020-09-19,13049.0,474,357,8358,5609,746,13035
2020-09-26,14586.0,520,387,9330,6000,699,13049
2020-10-03,16466.0,677,570,10507,6416,745,14586
2020-10-10,19144.0,653,775,12249,7460,861,16466
2020-10-17,17235.0,635,791,12493,7488,987,19144
2020-10-24,18133.0,683,903,13632,8757,1153,17235
2020-10-31,18554.0,716,993,14991,9613,1265,18133
2020-11-07,21370.0,782,1599,17245,10029,665,18554
2020-11-14,22598.0,933,2130,20669,11369,2007,21370
2020-11-21,22709.0,928,2747,23186,12038,2275,22598
2020-11-28,21313.0,973,2612,22115,11249,1980,22709
2020-12-05,22251.0,1124,3018,24712,12268,1596,21313
2020-12-12,22103.0,1234,2741,24019,11629,1929,22251
2020-12-19,20874.0,994,2643,22608,10846,2193,22103
2020-12-26,19836.0,977,2485,21673,9942,1831,20874
2021-01-02,22423.0,1107,2740,22509,9724,1718,19836
2021-01-09,22711.0,1152,2829,24267,11080,1952,22423
2021-01-09,22711.0,1152,2829,24267,11080,1952,22711
2021-01-16,19018.0,1043,2728,23689,10828,1778,19018
2021-01-23,18350.0,1035,2602,23420,10752,1578,18350
2021-01-30,16896.0,979,2748,22782,10646,1618,16896
2021-02-06,16098.0,998,2706,23049,10135,1752,16098
2021-02-13,14079.0,800,1565,21581,9720,1857,14079
2021-02-20,12591.0,773,2272,20424,8865,1818,12591
2021-02-27,13344.0,1009,2304,22040,10068,1854,13344
2021-03-06,13000.0,1051,2150,22276,10125,1927,13000
2021-03-13,14077.0,877,1991,22408,9491,1910,14077
2021-03-20,14574.0,1518,1894,22663,10128,1897,14574
2021-03-27,15354.0,1449,2101,23697,10627,1880,15354
2021-04-03,15993.0,1975,2024,23623,10353,1518,15993
2021-04-10,18100.0,994,2043,23237,10535,1037,18100
2021-04-17,19165.0,1083,2175,23283,10610,906,19165
2021-04-24,19305.0,978,2373,22410,10872,897,19305
2021-05-01,20099.0,962,2190,22440,10644,908,20099
2021-05-08,19930.0,954,2177,21224,10536,862,19930
2021-05-15,20367.0,827,2212,19838,9997,596,20367
2021-05-22,21262.0,904,2024,18884,10107,574,21262
2021-05-29,19675.0,848,1650,16894,10232,543,19675
2021-06-05,20143.0,880,1857,16059,9486,564,20143
2021-06-12,19182.0,873,1666,16161,9699,521,19182
2021-06-19,19579.0,1126,1696,16936,10279,932,19579
2021-06-26,19890.0,1032,1654,15714,9856,558,19890
2021-07-03,20092.0,825,1003,14816,9491,540,20092
2021-07-10,22371.0,821,1663,19015,10788,1224,22371
2021-07-17,25261.0,839,1711,20272,11198,1379,25261
2021-07-24,30545.0,994,1890,20299,15790,633,30545
2021-07-31,35195.0,1062,2249,20842,13002,815,35195
2021-08-07,37756.0,1014,2546,21870,13750,1797,37756
2021-08-14,40067.0,1057,2601,23661,13853,1572,40067
2021-08-21,42721.0,1111,2774,23293,13950,1736,42721
2021-08-28,43058.0,1198,2625,27579,15809,1911,43058
2021-09-04,40864.0,1197,2664,27299,15337,1621,40864
2021-09-11,39421.0,1286,2646,28476,14580,1545,39421
2021-09-18,36193.0,1444,2988,30911,15315,1564,36193
2021-09-25,33976.0,1417,3309,30400,14847,1637,33976
2021-10-02,29949.0,1520,3185,32157,15279,1734,29949
2021-10-09,39535.0,1684,3321,33431,15942,2083,39535
2021-10-16,37638.0,1653,3977,33382,15145,2482,37638
2021-10-23,35714.0,1863,3823,35591,15916,2672,35714
2021-10-30,36639.0,1227,3761,37971,15229,5741,36639
2021-11-06,40030.0,1615,3724,42251,15475,5902,40030
2021-11-13,44163.0,1655,3947,45754,16677,5829,44163
2021-11-20,47076.0,2284,3823,53576,16675,5308,47076
2021-11-27,43324.0,2293,3976,54654,15845,5635,43324
2021-12-04,52729.0,2389,4714,60097,19232,6701,52729
2021-12-11,55069.0,3037,4711,70931,19584,6843,55069
2021-12-18,62545.0,3668,3926,81501,19766,6931,62545
2021-12-25,79225.0,4234,5633,91366,21149,6999,79225
2022-01-01,113862.0,4137,6534,97992,25789,6038,113862
2022-01-08,93262.0,3213,7707,101950,27843,13108,93262
2022-01-15,69183.0,2996,6492,86529,24880,10902,69183
2022-01-22,48498.0,2266,5164,67025,19610,8288,48498
2022-01-29,34810.0,2053,5176,54289,16261,6063,34810
2022-02-05,25831.0,1729,3787,47814,13411,5183,25831
2022-02-12,23731.0,1570,2827,44175,12788,4265,23731
2022-02-19,23946.0,1536,2747,43120,11250,4046,23946
2022-02-26,23609.0,1680,2584,41249,10820,4068,23609
2022-03-05,25801.0,1636,3291,40715,10910,4133,25801
2022-03-12,28077.0,1902,3128,43329,11132,4131,28077
2022-03-19,31359.0,1798,3092,43684,11472,4458,31359
2022-03-26,32423.0,1927,3498,44412,11577,4578,32423
2022-04-02,34822.0,1928,3580,44699,12567,4569,34822
2022-04-09,38144.0,2118,3514,48198,12459,4995,38144
2022-04-16,40966.0,2252,3783,49314,12059,4859,40966
2022-04-23,42086.0,2152,3268,49461,12476,5287,42086
2022-04-30,43420.0,2134,3599,53065,12816,5905,43420
2022-05-07,47799.0,2149,3979,54785,13220,6440,47799
2022-05-14,52025.0,2312,4371,59823,13971,7526,52025
2022-05-21,54081.0,2354,4330,60414,14273,8519,54081
2022-05-28,52385.0,2208,4385,60311,14640,9300,52385
2022-06-04,51863.0,2195,4196,55777,14057,9149,51863
2022-06-11,45240.0,2136,5286,55149,13747,8610,45240
2022-06-18,40250.0,1667,3842,47846,13403,7170,40250
2022-06-25,37830.0,1679,3765,45944,12090,6551,37830
2022-07-02,34566.0,1266,3119,42282,10782,6432,34566
2022-07-09,34983.0,1941,3581,46665,12675,6936,34983
2022-07-16,33011.0,1857,3213,47082,12590,6611,33011
2022-07-23,32611.0,1780,3158,47916,12796,6031,32611
2022-07-30,32040.0,1670,3212,44176,12422,5816,32040
2022-08-06,29641.0,1654,2715,43482,11888,5511,29641
2022-08-13,28642.0,1601,3077,41171,12276,5442,28642
2022-08-20,31572.0,1491,2927,42473,11495,5881,31572
2022-08-27,35787.0,1577,1902,44316,11713,6510,35787
2022-09-03,37513.0,1604,2446,46583,11745,6547,37513
2022-09-10,38334.0,2059,2503,46537,12243,6404,38334
2022-09-17,39838.0,1853,2873,47633,12303,6555,39838
2022-09-24,44726.0,2018,3454,50581,13139,7432,44726
2022-10-01,46321.0,2097,4302,48929,13401,8054,46321
2022-10-08,57318.0,2286,4108,49705,14198,8161,57318
2022-10-15,63388.0,2484,4256,53360,15073,9426,63388
2022-10-22,75615.0,2694,4923,58307,16538,10289,75615
2022-10-29,109496.0,3244,5438,68135,18978,13591,109496
2022-11-05,139247.0,4070,6295,79637,20647,14836,139247
2022-11-12,140055.0,4434,5847,85395,22913,18715,140055
2022-11-19,137419.0,4493,8771,98225,23706,21130,137419
2022-11-26,164936.0,5036,9016,103669,22999,19241,164936
2022-12-03,185673.0,6061,12677,127878,26039,24103,185673
2022-12-10,167248.0,5653,11707,127128,24458,23563,167248
2022-12-17,151672.0,4335,10176,123193,23168,21442,151672
2022-12-24,129978.0,4585,7927,105394,19809,19369,129978
2022-12-31,112531.0,4529,9623,99606,19374,16967,112531
2023-01-07,92034.0,4514,8227,88306,18760,13385,92034
2023-01-14,67720.0,3764,6355,78682,17136,12112,67720
2023-01-21,57770.0,3616,5568,72270,15284,10699,57770
2023-01-28,58231.0,3660,5721,72850,15121,11150,58231
2023-02-04,59326.0,3221,6726,71364,15171,11065,59326
2023-02-11,62258.0,3147,7063,72376,15621,11435,62258
2023-02-18,59665.0,3122,6805,68953,15944,10913,59665
2023-02-25,57223.0,2768,5984,66781,15245,10952,57223
2023-03-04,55682.0,2752,5943,64809,15473,10507,55682
2023-03-11,54686.0,3208,5819,62905,15397,9555,54686
2023-03-18,54263.0,2853,6012,61780,15702,10202,54263
2023-03-25,55394.0,2485,5781,60912,15792,9754,55394
2023-04-01,53342.0,2359,5515,57813,15012,9390,53342
2023-04-08,48355.0,2149,4839,55868,14552,9396,48355
2023-04-15,46725.0,1997,4477,46562,14239,2966,46725
2023-04-22,44507.0,1550,4302,42807,13405,3084,44507
2023-04-29,44802.0,1506,3895,40903,13084,2887,44802
2023-05-06,45582.0,1525,4049,38881,12422,2792,45582
2023-05-13,45769.0,1959,3719,38086,12267,2670,45769
2023-05-20,43287.0,1867,3855,37452,12545,2750,43287
2023-05-27,41516.0,1662,3556,34033,11595,2645,41516
2023-06-03,41589.0,1548,3539,33070,11513,2643,41589
2023-06-10,36939.0,1506,2700,30407,11583,2540,36939
2023-06-17,33880.0,1150,2834,27679,9362,2362,33880
2023-06-24,30889.0,1030,2660,25643,9905,2257,30889
2023-07-01,28486.0,957,2639,23268,9452,2059,28486
2023-07-08,26648.0,1191,2495,27264,9710,2451,26648
2023-07-15,25903.0,1261,2620,25114,9903,2435,25903
2023-07-22,25802.0,1290,2704,25019,9939,2355,25802
2023-07-29,26417.0,1188,2632,25845,10354,2366,26417
2023-08-05,26896.0,1339,2821,27167,10556,2429,26896
2023-08-12,29313.0,1443,2834,29029,10296,2715,29313
2023-08-19,33663.0,1506,2913,32238,11212,2977,33663
2023-08-26,40979.0,1639,3036,37944,11608,3138,40979
2023-09-02,44411.0,2063,3300,41350,11853,3707,44411
2023-09-09,44734.0,2322,3580,44475,12370,3333,44734
2023-09-16,45287.0,2309,4262,47621,12460,3479,45287
2023-09-23,48265.0,2491,4935,51434,13014,3568,48265
2023-09-30,49269.0,2597,5579,52011,13487,3476,49269
2023-10-07,56312.0,2579,5724,51383,13510,3439,56312
2023-10-14,57524.0,2423,5767,51800,14111,3561,57524
2023-10-21,62503.0,2499,5721,53570,14792,3871,62502
2023-10-28,67635.0,2559,5636,54424,14961,4083,67776
2023-11-04,72231.0,2513,5664,59120,15173,9259,72232
2023-11-11,85459.0,2904,5868,70092,16472,14557,85459
2023-11-18,90948.0,3137,7104,75909,17981,16142,90973
2023-11-25,85524.0,3025,7105,72907,17816,14841,85524
2023-12-02,103712.0,3705,8258,90485,20846,19931,103711
2023-12-09,114141.0,3786,8305,96601,22254,21047,114204
2023-12-16,135998.0,4320,8320,106676,22820,23736,136080
2023-12-23,163265.0,4949,9129,118612,24008,27837,163336
2023-12-30,166750.0,5517,8930,119930,23860,26177,166826
2024-01-06,143938.0,5113,10120,114020,23764,25149,143990
2024-01-13,118459.0,4772,9412,105752,23653,23181,118490
2024-01-20,100098.0,3871,8518,94163,21628,21310,100138
2024-01-27,105571.0,4149,8138,94868,21395,20948,105602
2024-02-03,107922.0,4104,7848,99634,22185,19991,107954
2024-02-10,112968.0,4078,7683,99809,21496,17419,112994
2024-02-17,108366.0,4029,7525,97520,20484,19367,108419
2024-02-24,107566.0,4122,7751,97957,20765,18300,107612
2024-03-02,104864.0,4009,7560,93461,20133,16480,104896
2024-03-09,94742.0,3775,7111,89810,20188,17012,94848
2024-03-16,84963.0,3438,7410,83177,18768,16589,84989
2024-03-23,78618.0,3322,7115,77293,16889,15675,78701
2024-03-30,73845.0,3183,6673,73810,16517,14787,73910
2024-04-06,68526.0,3081,6324,72006,16970,14233,68554
2024-04-13,64449.0,2654,5684,68704,16271,14969,64523
2024-04-20,57522.0,2431,5773,63860,15275,14017,57575
2024-04-27,55413.0,2403,5737,60784,14886,13142,55439
2024-05-04,53519.0,2179,5541,53505,14413,8352,53529
2024-05-11,50457.0,2324,5232,47709,14352,3826,50464
2024-05-18,49254.0,1989,5410,45521,14452,3547,49411
2024-05-25,47562.0,1887,5661,44457,14440,3726,47587
2024-06-01,44766.0,1843,4865,39944,13381,3616,44771
2024-06-08,41248.0,1760,4768,38646,13336,3578,41255
2024-06-15,37720.0,1715,4872,37304,13218,3812,37749
2024-06-22,35781.0,1570,4363,35287,13151,3395,35810
2024-06-29,35208.0,1609,3867,33810,12552,2223,35236
2024-07-06,32093.0,1686,3498,32915,12746,2779,32132
2024-07-13,34982.0,1829,3797,35819,13346,2982,35017
2024-07-20,33474.0,1851,3585,36224,13140,2991,33504
2024-07-27,34749.0,1918,3710,38215,13831,2755,34828
2024-08-03,34935.0,2119,3797,38600,13280,2817,35020
2024-08-10,34912.0,2445,3391,39820,13700,2934,35090
2024-08-17,35347.0,2759,3658,43273,14403,2923,37059
